to_email,business_name,subject,body
keyscapes58@gmail.com,keystone landscaping,Quick idea for keystone landscaping website,"Hello,

            I hope all is well with you!

            I came across keystone landscaping while looking at businesses around your location (1423 Buford Dr, Yardley, PA 19067, USA), and noticed you currently have a website that could use improvement.

            I run a small web design service where we build custom website demos for businesses before they pay anything.

            I actually put together a quick idea of how keystone landscaping's site could look with a more modern design and better conversion layout.

            If you're open to it, I can build out a free, live demo tailored to your business — no upfront cost, no obligation.

            You'd be able to:

            - See a redesigned version of your site
            - Review layout, content, and structure
            - Decide if you want to keep it (only then is there a fee)

            If you're interested, just reply ""demo"" or fill this out here:
            https://www.moultonventuresllc.com/contact

            Takes about 30 seconds.

            Either way, keep up the great work with keystone landscaping — I saw you've got a 4.6⭐ rating, which is awesome.

            – CJ
            MV Software"
office@fstl1992.com,Four Seasons Total Landscaping,Quick idea for Four Seasons Total Landscaping website,"Hello,

            I hope all is well with you!

            I came across Four Seasons Total Landscaping while looking at businesses around your location (7339 State Rd., Philadelphia, PA 19136, USA), and noticed you currently have a website that could use improvement.

            I run a small web design service where we build custom website demos for businesses before they pay anything.

            I actually put together a quick idea of how Four Seasons Total Landscaping's site could look with a more modern design and better conversion layout.

            If you're open to it, I can build out a free, live demo tailored to your business — no upfront cost, no obligation.

            You'd be able to:

            - See a redesigned version of your site
            - Review layout, content, and structure
            - Decide if you want to keep it (only then is there a fee)

            If you're interested, just reply ""demo"" or fill this out here:
            https://www.moultonventuresllc.com/contact

            Takes about 30 seconds.

            Either way, keep up the great work with Four Seasons Total Landscaping — I saw you've got a 4.4⭐ rating, which is awesome.

            – CJ
            MV Software"
joshmonsterlandscaping@gmail.com,Monster Landscaping,Quick idea for Monster Landscaping website,"Hello,

            I hope all is well with you!

            I came across Monster Landscaping while looking at businesses around your location (1405 Uxbridge Way, North Wales, PA 19454, USA), and noticed you currently have a website that could use improvement.

            I run a small web design service where we build custom website demos for businesses before they pay anything.

            I actually put together a quick idea of how Monster Landscaping's site could look with a more modern design and better conversion layout.

            If you're open to it, I can build out a free, live demo tailored to your business — no upfront cost, no obligation.

            You'd be able to:

            - See a redesigned version of your site
            - Review layout, content, and structure
            - Decide if you want to keep it (only then is there a fee)

            If you're interested, just reply ""demo"" or fill this out here:
            https://www.moultonventuresllc.com/contact

            Takes about 30 seconds.

            Either way, keep up the great work with Monster Landscaping — I saw you've got a 5.0⭐ rating, which is awesome.

            – CJ
            MV Software"
fourslandscapingllc@gmail.com,Four’s Landscaping LLC,Quick idea for Four’s Landscaping LLC website,"Hello,

            I hope all is well with you!

            I came across Four’s Landscaping LLC while looking at businesses around your location (Somerdale Rd, Somerdale, NJ 08083, USA), and noticed you currently have a website that could use improvement.

            I run a small web design service where we build custom website demos for businesses before they pay anything.

            I actually put together a quick idea of how Four’s Landscaping LLC's site could look with a more modern design and better conversion layout.

            If you're open to it, I can build out a free, live demo tailored to your business — no upfront cost, no obligation.

            You'd be able to:

            - See a redesigned version of your site
            - Review layout, content, and structure
            - Decide if you want to keep it (only then is there a fee)

            If you're interested, just reply ""demo"" or fill this out here:
            https://www.moultonventuresllc.com/contact

            Takes about 30 seconds.

            Either way, keep up the great work with Four’s Landscaping LLC — I saw you've got a 5.0⭐ rating, which is awesome.

            – CJ
            MV Software"
info@clearreflectioncleaning.com,Clear Reflection Cleaning Service,Quick idea for Clear Reflection Cleaning Service website,"Hello,

            I hope all is well with you!

            I came across Clear Reflection Cleaning Service while looking at businesses around your location (220 Moore St, Philadelphia, PA 19148, USA), and noticed you currently have a website that could use improvement.

            I run a small web design service where we build custom website demos for businesses before they pay anything.

            I actually put together a quick idea of how Clear Reflection Cleaning Service's site could look with a more modern design and better conversion layout.

            If you're open to it, I can build out a free, live demo tailored to your business — no upfront cost, no obligation.

            You'd be able to:

            - See a redesigned version of your site
            - Review layout, content, and structure
            - Decide if you want to keep it (only then is there a fee)

            If you're interested, just reply ""demo"" or fill this out here:
            https://www.moultonventuresllc.com/contact

            Takes about 30 seconds.

            Either way, keep up the great work with Clear Reflection Cleaning Service — I saw you've got a 5.0⭐ rating, which is awesome.

            – CJ
            MV Software"
domenicscleaning@gmail.com,Domenic's Cleaning Service,Quick idea for Domenic's Cleaning Service website,"Hello,

            I hope all is well with you!

            I came across Domenic's Cleaning Service while looking at businesses around your location (715 S 3rd St, Philadelphia, PA 19147, USA), and noticed you currently have a website that could use improvement.

            I run a small web design service where we build custom website demos for businesses before they pay anything.

            I actually put together a quick idea of how Domenic's Cleaning Service's site could look with a more modern design and better conversion layout.

            If you're open to it, I can build out a free, live demo tailored to your business — no upfront cost, no obligation.

            You'd be able to:

            - See a redesigned version of your site
            - Review layout, content, and structure
            - Decide if you want to keep it (only then is there a fee)

            If you're interested, just reply ""demo"" or fill this out here:
            https://www.moultonventuresllc.com/contact

            Takes about 30 seconds.

            Either way, keep up the great work with Domenic's Cleaning Service — I saw you've got a 5.0⭐ rating, which is awesome.

            – CJ
            MV Software"
w.beermanandsons@gmail.com,Beerman and Sons Landscaping,Quick idea for Beerman and Sons Landscaping website,"Hello,

            I hope all is well with you!

            I came across Beerman and Sons Landscaping while looking at businesses around your location (230 Bells Lake Rd, Turnersville, NJ 08012, USA), and noticed you currently have a website that could use improvement.

            I run a small web design service where we build custom website demos for businesses before they pay anything.

            I actually put together a quick idea of how Beerman and Sons Landscaping's site could look with a more modern design and better conversion layout.

            If you're open to it, I can build out a free, live demo tailored to your business — no upfront cost, no obligation.

            You'd be able to:

            - See a redesigned version of your site
            - Review layout, content, and structure
            - Decide if you want to keep it (only then is there a fee)

            If you're interested, just reply ""demo"" or fill this out here:
            https://www.moultonventuresllc.com/contact

            Takes about 30 seconds.

            Either way, keep up the great work with Beerman and Sons Landscaping — I saw you've got a 5.0⭐ rating, which is awesome.

            – CJ
            MV Software"
user@domain.com,Seel Brothers Landscaping LLC,Quick idea for Seel Brothers Landscaping LLC website,"Hello,

            I hope all is well with you!

            I came across Seel Brothers Landscaping LLC while looking at businesses around your location (1022 W Germantown Pike E, East Norriton Township, PA 19403, USA), and noticed you currently have a website that could use improvement.

            I run a small web design service where we build custom website demos for businesses before they pay anything.

            I actually put together a quick idea of how Seel Brothers Landscaping LLC's site could look with a more modern design and better conversion layout.

            If you're open to it, I can build out a free, live demo tailored to your business — no upfront cost, no obligation.

            You'd be able to:

            - See a redesigned version of your site
            - Review layout, content, and structure
            - Decide if you want to keep it (only then is there a fee)

            If you're interested, just reply ""demo"" or fill this out here:
            https://www.moultonventuresllc.com/contact

            Takes about 30 seconds.

            Either way, keep up the great work with Seel Brothers Landscaping LLC — I saw you've got a 5.0⭐ rating, which is awesome.

            – CJ
            MV Software"
info@reynolds-bros.com,Reynolds Brother's Landscaping,Quick idea for Reynolds Brother's Landscaping website,"Hello,

            I hope all is well with you!

            I came across Reynolds Brother's Landscaping while looking at businesses around your location (5 Spring Ln, West Chester, PA 19382, USA), and noticed you currently have a website that could use improvement.

            I run a small web design service where we build custom website demos for businesses before they pay anything.

            I actually put together a quick idea of how Reynolds Brother's Landscaping's site could look with a more modern design and better conversion layout.

            If you're open to it, I can build out a free, live demo tailored to your business — no upfront cost, no obligation.

            You'd be able to:

            - See a redesigned version of your site
            - Review layout, content, and structure
            - Decide if you want to keep it (only then is there a fee)

            If you're interested, just reply ""demo"" or fill this out here:
            https://www.moultonventuresllc.com/contact

            Takes about 30 seconds.

            Either way, keep up the great work with Reynolds Brother's Landscaping — I saw you've got a 4.9⭐ rating, which is awesome.

            – CJ
            MV Software"
ricelawnlandscape@gmail.com,Rice Landscaping Inc.,Quick idea for Rice Landscaping Inc. website,"Hello,

            I hope all is well with you!

            I came across Rice Landscaping Inc. while looking at businesses around your location (201 N Sylvania Ave, Jenkintown, PA 19046, USA), and noticed you currently have a website that could use improvement.

            I run a small web design service where we build custom website demos for businesses before they pay anything.

            I actually put together a quick idea of how Rice Landscaping Inc.'s site could look with a more modern design and better conversion layout.

            If you're open to it, I can build out a free, live demo tailored to your business — no upfront cost, no obligation.

            You'd be able to:

            - See a redesigned version of your site
            - Review layout, content, and structure
            - Decide if you want to keep it (only then is there a fee)

            If you're interested, just reply ""demo"" or fill this out here:
            https://www.moultonventuresllc.com/contact

            Takes about 30 seconds.

            Either way, keep up the great work with Rice Landscaping Inc. — I saw you've got a 4.8⭐ rating, which is awesome.

            – CJ
            MV Software"
office@bauerlandscaping.com,"Bauer Landscaping, Inc.","Quick idea for Bauer Landscaping, Inc. website","Hello,

            I hope all is well with you!

            I came across Bauer Landscaping, Inc. while looking at businesses around your location (155 Hill Church Rd, Spring City, PA 19475, USA), and noticed you currently have a website that could use improvement.

            I run a small web design service where we build custom website demos for businesses before they pay anything.

            I actually put together a quick idea of how Bauer Landscaping, Inc.'s site could look with a more modern design and better conversion layout.

            If you're open to it, I can build out a free, live demo tailored to your business — no upfront cost, no obligation.

            You'd be able to:

            - See a redesigned version of your site
            - Review layout, content, and structure
            - Decide if you want to keep it (only then is there a fee)

            If you're interested, just reply ""demo"" or fill this out here:
            https://www.moultonventuresllc.com/contact

            Takes about 30 seconds.

            Either way, keep up the great work with Bauer Landscaping, Inc. — I saw you've got a 4.8⭐ rating, which is awesome.

            – CJ
            MV Software"
starcleaningservicemx@gmail.com,Star Cleaning Services,Quick idea for Star Cleaning Services website,"Hello,

            I hope all is well with you!

            I came across Star Cleaning Services while looking at businesses around your location (6 Willow Ln, Collegeville, PA 19426, USA), and noticed you currently have a website that could use improvement.

            I run a small web design service where we build custom website demos for businesses before they pay anything.

            I actually put together a quick idea of how Star Cleaning Services's site could look with a more modern design and better conversion layout.

            If you're open to it, I can build out a free, live demo tailored to your business — no upfront cost, no obligation.

            You'd be able to:

            - See a redesigned version of your site
            - Review layout, content, and structure
            - Decide if you want to keep it (only then is there a fee)

            If you're interested, just reply ""demo"" or fill this out here:
            https://www.moultonventuresllc.com/contact

            Takes about 30 seconds.

            Either way, keep up the great work with Star Cleaning Services — I saw you've got a 4.9⭐ rating, which is awesome.

            – CJ
            MV Software"
homegrownlandscaping856@gmail.com,Homegrown Landscaping,Quick idea for Homegrown Landscaping website,"Hello,

            I hope all is well with you!

            I came across Homegrown Landscaping while looking at businesses around your location (4 Kennibie Dr, Evesham, NJ 08053, USA), and noticed you currently have a website that could use improvement.

            I run a small web design service where we build custom website demos for businesses before they pay anything.

            I actually put together a quick idea of how Homegrown Landscaping's site could look with a more modern design and better conversion layout.

            If you're open to it, I can build out a free, live demo tailored to your business — no upfront cost, no obligation.

            You'd be able to:

            - See a redesigned version of your site
            - Review layout, content, and structure
            - Decide if you want to keep it (only then is there a fee)

            If you're interested, just reply ""demo"" or fill this out here:
            https://www.moultonventuresllc.com/contact

            Takes about 30 seconds.

            Either way, keep up the great work with Homegrown Landscaping — I saw you've got a 4.9⭐ rating, which is awesome.

            – CJ
            MV Software"
reception@arborvinelandscape.com,"Arborvine Landscaping, LLC","Quick idea for Arborvine Landscaping, LLC website","Hello,

            I hope all is well with you!

            I came across Arborvine Landscaping, LLC while looking at businesses around your location (3400 Bowers St, Wilmington, DE 19802, USA), and noticed you currently have a website that could use improvement.

            I run a small web design service where we build custom website demos for businesses before they pay anything.

            I actually put together a quick idea of how Arborvine Landscaping, LLC's site could look with a more modern design and better conversion layout.

            If you're open to it, I can build out a free, live demo tailored to your business — no upfront cost, no obligation.

            You'd be able to:

            - See a redesigned version of your site
            - Review layout, content, and structure
            - Decide if you want to keep it (only then is there a fee)

            If you're interested, just reply ""demo"" or fill this out here:
            https://www.moultonventuresllc.com/contact

            Takes about 30 seconds.

            Either way, keep up the great work with Arborvine Landscaping, LLC — I saw you've got a 4.7⭐ rating, which is awesome.

            – CJ
            MV Software"
filler@godaddy.com,"SMG Landscaping Services, LLC","Quick idea for SMG Landscaping Services, LLC website","Hello,

            I hope all is well with you!

            I came across SMG Landscaping Services, LLC while looking at businesses around your location (1280 Whitehall Rd, Williamstown, NJ 08094, USA), and noticed you currently have a website that could use improvement.

            I run a small web design service where we build custom website demos for businesses before they pay anything.

            I actually put together a quick idea of how SMG Landscaping Services, LLC's site could look with a more modern design and better conversion layout.

            If you're open to it, I can build out a free, live demo tailored to your business — no upfront cost, no obligation.

            You'd be able to:

            - See a redesigned version of your site
            - Review layout, content, and structure
            - Decide if you want to keep it (only then is there a fee)

            If you're interested, just reply ""demo"" or fill this out here:
            https://www.moultonventuresllc.com/contact

            Takes about 30 seconds.

            Either way, keep up the great work with SMG Landscaping Services, LLC — I saw you've got a 5.0⭐ rating, which is awesome.

            – CJ
            MV Software"
paz.landscapingservices@yahoo.com,Paz Landscaping & Services Inc,Quick idea for Paz Landscaping & Services Inc website,"Hello,

            I hope all is well with you!

            I came across Paz Landscaping & Services Inc while looking at businesses around your location (868 Durham Rd, Langhorne, PA 19047, USA), and noticed you currently have a website that could use improvement.

            I run a small web design service where we build custom website demos for businesses before they pay anything.

            I actually put together a quick idea of how Paz Landscaping & Services Inc's site could look with a more modern design and better conversion layout.

            If you're open to it, I can build out a free, live demo tailored to your business — no upfront cost, no obligation.

            You'd be able to:

            - See a redesigned version of your site
            - Review layout, content, and structure
            - Decide if you want to keep it (only then is there a fee)

            If you're interested, just reply ""demo"" or fill this out here:
            https://www.moultonventuresllc.com/contact

            Takes about 30 seconds.

            Either way, keep up the great work with Paz Landscaping & Services Inc — I saw you've got a 4.9⭐ rating, which is awesome.

            – CJ
            MV Software"
kevin@moyerslandscapes.com,Moyers Landscaping,Quick idea for Moyers Landscaping website,"Hello,

            I hope all is well with you!

            I came across Moyers Landscaping while looking at businesses around your location (335 Tanyard Rd #1023, Richboro, PA 18954, USA), and noticed you currently have a website that could use improvement.

            I run a small web design service where we build custom website demos for businesses before they pay anything.

            I actually put together a quick idea of how Moyers Landscaping's site could look with a more modern design and better conversion layout.

            If you're open to it, I can build out a free, live demo tailored to your business — no upfront cost, no obligation.

            You'd be able to:

            - See a redesigned version of your site
            - Review layout, content, and structure
            - Decide if you want to keep it (only then is there a fee)

            If you're interested, just reply ""demo"" or fill this out here:
            https://www.moultonventuresllc.com/contact

            Takes about 30 seconds.

            Either way, keep up the great work with Moyers Landscaping — I saw you've got a 5.0⭐ rating, which is awesome.

            – CJ
            MV Software"
info@keepitcleanwithraylene.com,Keep It Clean With Raylene,Quick idea for Keep It Clean With Raylene website,"Hello,

            I hope all is well with you!

            I came across Keep It Clean With Raylene while looking at businesses around your location (2972 Richmond St, Philadelphia, PA 19134, USA), and noticed you currently have a website that could use improvement.

            I run a small web design service where we build custom website demos for businesses before they pay anything.

            I actually put together a quick idea of how Keep It Clean With Raylene's site could look with a more modern design and better conversion layout.

            If you're open to it, I can build out a free, live demo tailored to your business — no upfront cost, no obligation.

            You'd be able to:

            - See a redesigned version of your site
            - Review layout, content, and structure
            - Decide if you want to keep it (only then is there a fee)

            If you're interested, just reply ""demo"" or fill this out here:
            https://www.moultonventuresllc.com/contact

            Takes about 30 seconds.

            Either way, keep up the great work with Keep It Clean With Raylene — I saw you've got a 4.9⭐ rating, which is awesome.

            – CJ
            MV Software"
contact@dmcleanco.com,DM Cleaning Company,Quick idea for DM Cleaning Company website,"Hello,

            I hope all is well with you!

            I came across DM Cleaning Company while looking at businesses around your location (3001 US-130, Delran, NJ 08075, USA), and noticed you currently have a website that could use improvement.

            I run a small web design service where we build custom website demos for businesses before they pay anything.

            I actually put together a quick idea of how DM Cleaning Company's site could look with a more modern design and better conversion layout.

            If you're open to it, I can build out a free, live demo tailored to your business — no upfront cost, no obligation.

            You'd be able to:

            - See a redesigned version of your site
            - Review layout, content, and structure
            - Decide if you want to keep it (only then is there a fee)

            If you're interested, just reply ""demo"" or fill this out here:
            https://www.moultonventuresllc.com/contact

            Takes about 30 seconds.

            Either way, keep up the great work with DM Cleaning Company — I saw you've got a 5.0⭐ rating, which is awesome.

            – CJ
            MV Software"
example@mysite.com,RODRIGUEZ CLEANING,Quick idea for RODRIGUEZ CLEANING website,"Hello,

            I hope all is well with you!

            I came across RODRIGUEZ CLEANING while looking at businesses around your location (5107 Oxford Ave, Philadelphia, PA 19124, USA), and noticed you currently have a website that could use improvement.

            I run a small web design service where we build custom website demos for businesses before they pay anything.

            I actually put together a quick idea of how RODRIGUEZ CLEANING's site could look with a more modern design and better conversion layout.

            If you're open to it, I can build out a free, live demo tailored to your business — no upfront cost, no obligation.

            You'd be able to:

            - See a redesigned version of your site
            - Review layout, content, and structure
            - Decide if you want to keep it (only then is there a fee)

            If you're interested, just reply ""demo"" or fill this out here:
            https://www.moultonventuresllc.com/contact

            Takes about 30 seconds.

            Either way, keep up the great work with RODRIGUEZ CLEANING — I saw you've got a 4.9⭐ rating, which is awesome.

            – CJ
            MV Software"
name@place.com,Mom and Pop Landscaping,Quick idea for Mom and Pop Landscaping website,"Hello,

            I hope all is well with you!

            I came across Mom and Pop Landscaping while looking at businesses around your location (50 W Lincoln Ave, Hatfield, PA 19440, USA), and noticed you currently have a website that could use improvement.

            I run a small web design service where we build custom website demos for businesses before they pay anything.

            I actually put together a quick idea of how Mom and Pop Landscaping's site could look with a more modern design and better conversion layout.

            If you're open to it, I can build out a free, live demo tailored to your business — no upfront cost, no obligation.

            You'd be able to:

            - See a redesigned version of your site
            - Review layout, content, and structure
            - Decide if you want to keep it (only then is there a fee)

            If you're interested, just reply ""demo"" or fill this out here:
            https://www.moultonventuresllc.com/contact

            Takes about 30 seconds.

            Either way, keep up the great work with Mom and Pop Landscaping — I saw you've got a 4.9⭐ rating, which is awesome.

            – CJ
            MV Software"
filler@godaddy.com,Edin Landscaping and Design,Quick idea for Edin Landscaping and Design website,"Hello,

            I hope all is well with you!

            I came across Edin Landscaping and Design while looking at businesses around your location (342 Bert Ave, Trenton, NJ 08629, USA), and noticed you currently have a website that could use improvement.

            I run a small web design service where we build custom website demos for businesses before they pay anything.

            I actually put together a quick idea of how Edin Landscaping and Design's site could look with a more modern design and better conversion layout.

            If you're open to it, I can build out a free, live demo tailored to your business — no upfront cost, no obligation.

            You'd be able to:

            - See a redesigned version of your site
            - Review layout, content, and structure
            - Decide if you want to keep it (only then is there a fee)

            If you're interested, just reply ""demo"" or fill this out here:
            https://www.moultonventuresllc.com/contact

            Takes about 30 seconds.

            Either way, keep up the great work with Edin Landscaping and Design — I saw you've got a 5.0⭐ rating, which is awesome.

            – CJ
            MV Software"
mariaandradecleaning@gmail.com,Maria Andrade Cleaning Services,Quick idea for Maria Andrade Cleaning Services website,"Hello,

            I hope all is well with you!

            I came across Maria Andrade Cleaning Services while looking at businesses around your location (3815 Royal Ave, Pennsauken, NJ 08110, USA), and noticed you currently have a website that could use improvement.

            I run a small web design service where we build custom website demos for businesses before they pay anything.

            I actually put together a quick idea of how Maria Andrade Cleaning Services's site could look with a more modern design and better conversion layout.

            If you're open to it, I can build out a free, live demo tailored to your business — no upfront cost, no obligation.

            You'd be able to:

            - See a redesigned version of your site
            - Review layout, content, and structure
            - Decide if you want to keep it (only then is there a fee)

            If you're interested, just reply ""demo"" or fill this out here:
            https://www.moultonventuresllc.com/contact

            Takes about 30 seconds.

            Either way, keep up the great work with Maria Andrade Cleaning Services — I saw you've got a 5.0⭐ rating, which is awesome.

            – CJ
            MV Software"
vanessaamoracabral@gmail.com,Amora’s Cleaning Services,Quick idea for Amora’s Cleaning Services website,"Hello,

            I hope all is well with you!

            I came across Amora’s Cleaning Services while looking at businesses around your location (95 Tenby Chase Dr, Delran, NJ 08075, USA), and noticed you currently have a website that could use improvement.

            I run a small web design service where we build custom website demos for businesses before they pay anything.

            I actually put together a quick idea of how Amora’s Cleaning Services's site could look with a more modern design and better conversion layout.

            If you're open to it, I can build out a free, live demo tailored to your business — no upfront cost, no obligation.

            You'd be able to:

            - See a redesigned version of your site
            - Review layout, content, and structure
            - Decide if you want to keep it (only then is there a fee)

            If you're interested, just reply ""demo"" or fill this out here:
            https://www.moultonventuresllc.com/contact

            Takes about 30 seconds.

            Either way, keep up the great work with Amora’s Cleaning Services — I saw you've got a 5.0⭐ rating, which is awesome.

            – CJ
            MV Software"
dmblandscaping19063@gmail.com,DMB Landscaping LLC,Quick idea for DMB Landscaping LLC website,"Hello,

            I hope all is well with you!

            I came across DMB Landscaping LLC while looking at businesses around your location (600 Park Ave, Media, PA 19063, USA), and noticed you currently have a website that could use improvement.

            I run a small web design service where we build custom website demos for businesses before they pay anything.

            I actually put together a quick idea of how DMB Landscaping LLC's site could look with a more modern design and better conversion layout.

            If you're open to it, I can build out a free, live demo tailored to your business — no upfront cost, no obligation.

            You'd be able to:

            - See a redesigned version of your site
            - Review layout, content, and structure
            - Decide if you want to keep it (only then is there a fee)

            If you're interested, just reply ""demo"" or fill this out here:
            https://www.moultonventuresllc.com/contact

            Takes about 30 seconds.

            Either way, keep up the great work with DMB Landscaping LLC — I saw you've got a 5.0⭐ rating, which is awesome.

            – CJ
            MV Software"
contact@simoescleaning.com,Simoes Cleaning,Quick idea for Simoes Cleaning website,"Hello,

            I hope all is well with you!

            I came across Simoes Cleaning while looking at businesses around your location (1346 Kerper St, Philadelphia, PA 19111, USA), and noticed you currently have a website that could use improvement.

            I run a small web design service where we build custom website demos for businesses before they pay anything.

            I actually put together a quick idea of how Simoes Cleaning's site could look with a more modern design and better conversion layout.

            If you're open to it, I can build out a free, live demo tailored to your business — no upfront cost, no obligation.

            You'd be able to:

            - See a redesigned version of your site
            - Review layout, content, and structure
            - Decide if you want to keep it (only then is there a fee)

            If you're interested, just reply ""demo"" or fill this out here:
            https://www.moultonventuresllc.com/contact

            Takes about 30 seconds.

            Either way, keep up the great work with Simoes Cleaning — I saw you've got a 5.0⭐ rating, which is awesome.

            – CJ
            MV Software"
contact@danielacleaning.com,Daniela cleaning services,Quick idea for Daniela cleaning services website,"Hello,

            I hope all is well with you!

            I came across Daniela cleaning services while looking at businesses around your location (1022 Colin Dr, Royersford, PA 19468, USA), and noticed you currently have a website that could use improvement.

            I run a small web design service where we build custom website demos for businesses before they pay anything.

            I actually put together a quick idea of how Daniela cleaning services's site could look with a more modern design and better conversion layout.

            If you're open to it, I can build out a free, live demo tailored to your business — no upfront cost, no obligation.

            You'd be able to:

            - See a redesigned version of your site
            - Review layout, content, and structure
            - Decide if you want to keep it (only then is there a fee)

            If you're interested, just reply ""demo"" or fill this out here:
            https://www.moultonventuresllc.com/contact

            Takes about 30 seconds.

            Either way, keep up the great work with Daniela cleaning services — I saw you've got a 5.0⭐ rating, which is awesome.

            – CJ
            MV Software"
jake@millerslandscapingllc.com,Miller's Landscaping,Quick idea for Miller's Landscaping website,"Hello,

            I hope all is well with you!

            I came across Miller's Landscaping while looking at businesses around your location (235 W Malaga Rd, Williamstown, NJ 08094, USA), and noticed you currently have a website that could use improvement.

            I run a small web design service where we build custom website demos for businesses before they pay anything.

            I actually put together a quick idea of how Miller's Landscaping's site could look with a more modern design and better conversion layout.

            If you're open to it, I can build out a free, live demo tailored to your business — no upfront cost, no obligation.

            You'd be able to:

            - See a redesigned version of your site
            - Review layout, content, and structure
            - Decide if you want to keep it (only then is there a fee)

            If you're interested, just reply ""demo"" or fill this out here:
            https://www.moultonventuresllc.com/contact

            Takes about 30 seconds.

            Either way, keep up the great work with Miller's Landscaping — I saw you've got a 4.9⭐ rating, which is awesome.

            – CJ
            MV Software"
info@eandjlandscaping.com,E&J Landscaping LLC,Quick idea for E&J Landscaping LLC website,"Hello,

            I hope all is well with you!

            I came across E&J Landscaping LLC while looking at businesses around your location (31 Upland Rd, Brookhaven, PA 19015, USA), and noticed you currently have a website that could use improvement.

            I run a small web design service where we build custom website demos for businesses before they pay anything.

            I actually put together a quick idea of how E&J Landscaping LLC's site could look with a more modern design and better conversion layout.

            If you're open to it, I can build out a free, live demo tailored to your business — no upfront cost, no obligation.

            You'd be able to:

            - See a redesigned version of your site
            - Review layout, content, and structure
            - Decide if you want to keep it (only then is there a fee)

            If you're interested, just reply ""demo"" or fill this out here:
            https://www.moultonventuresllc.com/contact

            Takes about 30 seconds.

            Either way, keep up the great work with E&J Landscaping LLC — I saw you've got a 5.0⭐ rating, which is awesome.

            – CJ
            MV Software"
joselandscapingservicellc@gmail.com,Jose Landscaping Services LLC,Quick idea for Jose Landscaping Services LLC website,"Hello,

            I hope all is well with you!

            I came across Jose Landscaping Services LLC while looking at businesses around your location (2535 Nottingham Way, Hamilton Township, NJ 08619, USA), and noticed you currently have a website that could use improvement.

            I run a small web design service where we build custom website demos for businesses before they pay anything.

            I actually put together a quick idea of how Jose Landscaping Services LLC's site could look with a more modern design and better conversion layout.

            If you're open to it, I can build out a free, live demo tailored to your business — no upfront cost, no obligation.

            You'd be able to:

            - See a redesigned version of your site
            - Review layout, content, and structure
            - Decide if you want to keep it (only then is there a fee)

            If you're interested, just reply ""demo"" or fill this out here:
            https://www.moultonventuresllc.com/contact

            Takes about 30 seconds.

            Either way, keep up the great work with Jose Landscaping Services LLC — I saw you've got a 4.9⭐ rating, which is awesome.

            – CJ
            MV Software"
harrispmllc@gmail.com,Harris Landscaping and Lawn Service,Quick idea for Harris Landscaping and Lawn Service website,"Hello,

            I hope all is well with you!

            I came across Harris Landscaping and Lawn Service while looking at businesses around your location (457 Pleasant Mills Rd, Hammonton, NJ 08037, USA), and noticed you currently have a website that could use improvement.

            I run a small web design service where we build custom website demos for businesses before they pay anything.

            I actually put together a quick idea of how Harris Landscaping and Lawn Service's site could look with a more modern design and better conversion layout.

            If you're open to it, I can build out a free, live demo tailored to your business — no upfront cost, no obligation.

            You'd be able to:

            - See a redesigned version of your site
            - Review layout, content, and structure
            - Decide if you want to keep it (only then is there a fee)

            If you're interested, just reply ""demo"" or fill this out here:
            https://www.moultonventuresllc.com/contact

            Takes about 30 seconds.

            Either way, keep up the great work with Harris Landscaping and Lawn Service — I saw you've got a 5.0⭐ rating, which is awesome.

            – CJ
            MV Software"
info@rmlandscaping.com,R & M Landscaping and Patios,Quick idea for R & M Landscaping and Patios website,"Hello,

            I hope all is well with you!

            I came across R & M Landscaping and Patios while looking at businesses around your location (101 E Gibbsboro Rd Apto 1512, Lindenwold, NJ 08021, USA), and noticed you currently have a website that could use improvement.

            I run a small web design service where we build custom website demos for businesses before they pay anything.

            I actually put together a quick idea of how R & M Landscaping and Patios's site could look with a more modern design and better conversion layout.

            If you're open to it, I can build out a free, live demo tailored to your business — no upfront cost, no obligation.

            You'd be able to:

            - See a redesigned version of your site
            - Review layout, content, and structure
            - Decide if you want to keep it (only then is there a fee)

            If you're interested, just reply ""demo"" or fill this out here:
            https://www.moultonventuresllc.com/contact

            Takes about 30 seconds.

            Either way, keep up the great work with R & M Landscaping and Patios — I saw you've got a 5.0⭐ rating, which is awesome.

            – CJ
            MV Software"
yencisilva@luisguerra.co,L&G landscaping & lawn services llc,Quick idea for L&G landscaping & lawn services llc website,"Hello,

            I hope all is well with you!

            I came across L&G landscaping & lawn services llc while looking at businesses around your location (19 Madison Ave, Lindenwold, NJ 08021, USA), and noticed you currently have a website that could use improvement.

            I run a small web design service where we build custom website demos for businesses before they pay anything.

            I actually put together a quick idea of how L&G landscaping & lawn services llc's site could look with a more modern design and better conversion layout.

            If you're open to it, I can build out a free, live demo tailored to your business — no upfront cost, no obligation.

            You'd be able to:

            - See a redesigned version of your site
            - Review layout, content, and structure
            - Decide if you want to keep it (only then is there a fee)

            If you're interested, just reply ""demo"" or fill this out here:
            https://www.moultonventuresllc.com/contact

            Takes about 30 seconds.

            Either way, keep up the great work with L&G landscaping & lawn services llc — I saw you've got a 4.9⭐ rating, which is awesome.

            – CJ
            MV Software"
bearlandscaping@outlook.com,Bear Landscaping,Quick idea for Bear Landscaping website,"Hello,

            I hope all is well with you!

            I came across Bear Landscaping while looking at businesses around your location (8105 Gladstone Rd, Wyndmoor, PA 19038, USA), and noticed you currently have a website that could use improvement.

            I run a small web design service where we build custom website demos for businesses before they pay anything.

            I actually put together a quick idea of how Bear Landscaping's site could look with a more modern design and better conversion layout.

            If you're open to it, I can build out a free, live demo tailored to your business — no upfront cost, no obligation.

            You'd be able to:

            - See a redesigned version of your site
            - Review layout, content, and structure
            - Decide if you want to keep it (only then is there a fee)

            If you're interested, just reply ""demo"" or fill this out here:
            https://www.moultonventuresllc.com/contact

            Takes about 30 seconds.

            Either way, keep up the great work with Bear Landscaping — I saw you've got a 4.9⭐ rating, which is awesome.

            – CJ
            MV Software"
heather@premiumcleaning.org,Premium Cleaning,Quick idea for Premium Cleaning website,"Hello,

            I hope all is well with you!

            I came across Premium Cleaning while looking at businesses around your location (3501 Masons Mill Rd #402, Huntingdon Valley, PA 19006, USA), and noticed you currently have a website that could use improvement.

            I run a small web design service where we build custom website demos for businesses before they pay anything.

            I actually put together a quick idea of how Premium Cleaning's site could look with a more modern design and better conversion layout.

            If you're open to it, I can build out a free, live demo tailored to your business — no upfront cost, no obligation.

            You'd be able to:

            - See a redesigned version of your site
            - Review layout, content, and structure
            - Decide if you want to keep it (only then is there a fee)

            If you're interested, just reply ""demo"" or fill this out here:
            https://www.moultonventuresllc.com/contact

            Takes about 30 seconds.

            Either way, keep up the great work with Premium Cleaning — I saw you've got a 5.0⭐ rating, which is awesome.

            – CJ
            MV Software"
info@zacslandscaping.com,Zac’s Landscaping,Quick idea for Zac’s Landscaping website,"Hello,

            I hope all is well with you!

            I came across Zac’s Landscaping while looking at businesses around your location (200 Grant Ave, Somerdale, NJ 08083, USA), and noticed you currently have a website that could use improvement.

            I run a small web design service where we build custom website demos for businesses before they pay anything.

            I actually put together a quick idea of how Zac’s Landscaping's site could look with a more modern design and better conversion layout.

            If you're open to it, I can build out a free, live demo tailored to your business — no upfront cost, no obligation.

            You'd be able to:

            - See a redesigned version of your site
            - Review layout, content, and structure
            - Decide if you want to keep it (only then is there a fee)

            If you're interested, just reply ""demo"" or fill this out here:
            https://www.moultonventuresllc.com/contact

            Takes about 30 seconds.

            Either way, keep up the great work with Zac’s Landscaping — I saw you've got a 4.8⭐ rating, which is awesome.

            – CJ
            MV Software"
unionparklandscaping@gmail.com,Union Park Landscaping,Quick idea for Union Park Landscaping website,"Hello,

            I hope all is well with you!

            I came across Union Park Landscaping while looking at businesses around your location (1631 E Ayre St, Wilmington, DE 19804, USA), and noticed you currently have a website that could use improvement.

            I run a small web design service where we build custom website demos for businesses before they pay anything.

            I actually put together a quick idea of how Union Park Landscaping's site could look with a more modern design and better conversion layout.

            If you're open to it, I can build out a free, live demo tailored to your business — no upfront cost, no obligation.

            You'd be able to:

            - See a redesigned version of your site
            - Review layout, content, and structure
            - Decide if you want to keep it (only then is there a fee)

            If you're interested, just reply ""demo"" or fill this out here:
            https://www.moultonventuresllc.com/contact

            Takes about 30 seconds.

            Either way, keep up the great work with Union Park Landscaping — I saw you've got a 4.9⭐ rating, which is awesome.

            – CJ
            MV Software"
office@marshalllandscapingllc.com,Marshall Landscaping LLC,Quick idea for Marshall Landscaping LLC website,"Hello,

            I hope all is well with you!

            I came across Marshall Landscaping LLC while looking at businesses around your location (1902 Newport Gap Pike, Wilmington, DE 19808, USA), and noticed you currently have a website that could use improvement.

            I run a small web design service where we build custom website demos for businesses before they pay anything.

            I actually put together a quick idea of how Marshall Landscaping LLC's site could look with a more modern design and better conversion layout.

            If you're open to it, I can build out a free, live demo tailored to your business — no upfront cost, no obligation.

            You'd be able to:

            - See a redesigned version of your site
            - Review layout, content, and structure
            - Decide if you want to keep it (only then is there a fee)

            If you're interested, just reply ""demo"" or fill this out here:
            https://www.moultonventuresllc.com/contact

            Takes about 30 seconds.

            Either way, keep up the great work with Marshall Landscaping LLC — I saw you've got a 4.8⭐ rating, which is awesome.

            – CJ
            MV Software"
info@borsellolandscaping.com,Borsello Landscaping,Quick idea for Borsello Landscaping website,"Hello,

            I hope all is well with you!

            I came across Borsello Landscaping while looking at businesses around your location (7651 Lancaster Pike, Hockessin, DE 19707, USA), and noticed you currently have a website that could use improvement.

            I run a small web design service where we build custom website demos for businesses before they pay anything.

            I actually put together a quick idea of how Borsello Landscaping's site could look with a more modern design and better conversion layout.

            If you're open to it, I can build out a free, live demo tailored to your business — no upfront cost, no obligation.

            You'd be able to:

            - See a redesigned version of your site
            - Review layout, content, and structure
            - Decide if you want to keep it (only then is there a fee)

            If you're interested, just reply ""demo"" or fill this out here:
            https://www.moultonventuresllc.com/contact

            Takes about 30 seconds.

            Either way, keep up the great work with Borsello Landscaping — I saw you've got a 4.8⭐ rating, which is awesome.

            – CJ
            MV Software"
eldredgecleaning@gmail.com,"Eldredge Cleaning, LLC","Quick idea for Eldredge Cleaning, LLC website","Hello,

            I hope all is well with you!

            I came across Eldredge Cleaning, LLC while looking at businesses around your location (412 N Lewis Rd, Royersford, PA 19468, USA), and noticed you currently have a website that could use improvement.

            I run a small web design service where we build custom website demos for businesses before they pay anything.

            I actually put together a quick idea of how Eldredge Cleaning, LLC's site could look with a more modern design and better conversion layout.

            If you're open to it, I can build out a free, live demo tailored to your business — no upfront cost, no obligation.

            You'd be able to:

            - See a redesigned version of your site
            - Review layout, content, and structure
            - Decide if you want to keep it (only then is there a fee)

            If you're interested, just reply ""demo"" or fill this out here:
            https://www.moultonventuresllc.com/contact

            Takes about 30 seconds.

            Either way, keep up the great work with Eldredge Cleaning, LLC — I saw you've got a 4.8⭐ rating, which is awesome.

            – CJ
            MV Software"
info@mydbcleaning.com,DB Cleaning Services,Quick idea for DB Cleaning Services website,"Hello,

            I hope all is well with you!

            I came across DB Cleaning Services while looking at businesses around your location (7002 Beaver Dam Rd, Levittown, PA 19057, USA), and noticed you currently have a website that could use improvement.

            I run a small web design service where we build custom website demos for businesses before they pay anything.

            I actually put together a quick idea of how DB Cleaning Services's site could look with a more modern design and better conversion layout.

            If you're open to it, I can build out a free, live demo tailored to your business — no upfront cost, no obligation.

            You'd be able to:

            - See a redesigned version of your site
            - Review layout, content, and structure
            - Decide if you want to keep it (only then is there a fee)

            If you're interested, just reply ""demo"" or fill this out here:
            https://www.moultonventuresllc.com/contact

            Takes about 30 seconds.

            Either way, keep up the great work with DB Cleaning Services — I saw you've got a 4.8⭐ rating, which is awesome.

            – CJ
            MV Software"
info@giftoftimecleaningco.com,Gift Of Time Cleaning,Quick idea for Gift Of Time Cleaning website,"Hello,

            I hope all is well with you!

            I came across Gift Of Time Cleaning while looking at businesses around your location (Pensdale St, Philadelphia, PA 19127, USA), and noticed you currently have a website that could use improvement.

            I run a small web design service where we build custom website demos for businesses before they pay anything.

            I actually put together a quick idea of how Gift Of Time Cleaning's site could look with a more modern design and better conversion layout.

            If you're open to it, I can build out a free, live demo tailored to your business — no upfront cost, no obligation.

            You'd be able to:

            - See a redesigned version of your site
            - Review layout, content, and structure
            - Decide if you want to keep it (only then is there a fee)

            If you're interested, just reply ""demo"" or fill this out here:
            https://www.moultonventuresllc.com/contact

            Takes about 30 seconds.

            Either way, keep up the great work with Gift Of Time Cleaning — I saw you've got a 5.0⭐ rating, which is awesome.

            – CJ
            MV Software"
visuallandscapingllc@gmail.com,Visual Landscaping LLC,Quick idea for Visual Landscaping LLC website,"Hello,

            I hope all is well with you!

            I came across Visual Landscaping LLC while looking at businesses around your location (22 W Grove St, Pine Hill, NJ 08021, USA), and noticed you currently have a website that could use improvement.

            I run a small web design service where we build custom website demos for businesses before they pay anything.

            I actually put together a quick idea of how Visual Landscaping LLC's site could look with a more modern design and better conversion layout.

            If you're open to it, I can build out a free, live demo tailored to your business — no upfront cost, no obligation.

            You'd be able to:

            - See a redesigned version of your site
            - Review layout, content, and structure
            - Decide if you want to keep it (only then is there a fee)

            If you're interested, just reply ""demo"" or fill this out here:
            https://www.moultonventuresllc.com/contact

            Takes about 30 seconds.

            Either way, keep up the great work with Visual Landscaping LLC — I saw you've got a 4.9⭐ rating, which is awesome.

            – CJ
            MV Software"
service@freshenyournestllc.com,Freshen Your Nest Cleaning Services,Quick idea for Freshen Your Nest Cleaning Services website,"Hello,

            I hope all is well with you!

            I came across Freshen Your Nest Cleaning Services while looking at businesses around your location (900 NJ-168 STE C4, Blackwood, NJ 08012, USA), and noticed you currently have a website that could use improvement.

            I run a small web design service where we build custom website demos for businesses before they pay anything.

            I actually put together a quick idea of how Freshen Your Nest Cleaning Services's site could look with a more modern design and better conversion layout.

            If you're open to it, I can build out a free, live demo tailored to your business — no upfront cost, no obligation.

            You'd be able to:

            - See a redesigned version of your site
            - Review layout, content, and structure
            - Decide if you want to keep it (only then is there a fee)

            If you're interested, just reply ""demo"" or fill this out here:
            https://www.moultonventuresllc.com/contact

            Takes about 30 seconds.

            Either way, keep up the great work with Freshen Your Nest Cleaning Services — I saw you've got a 4.9⭐ rating, which is awesome.

            – CJ
            MV Software"
care@delcohousecleaningservice.com,Delco House Cleaning Service,Quick idea for Delco House Cleaning Service website,"Hello,

            I hope all is well with you!

            I came across Delco House Cleaning Service while looking at businesses around your location (230 Sugartown Rd #20, Wayne, PA 19087, USA), and noticed you currently have a website that could use improvement.

            I run a small web design service where we build custom website demos for businesses before they pay anything.

            I actually put together a quick idea of how Delco House Cleaning Service's site could look with a more modern design and better conversion layout.

            If you're open to it, I can build out a free, live demo tailored to your business — no upfront cost, no obligation.

            You'd be able to:

            - See a redesigned version of your site
            - Review layout, content, and structure
            - Decide if you want to keep it (only then is there a fee)

            If you're interested, just reply ""demo"" or fill this out here:
            https://www.moultonventuresllc.com/contact

            Takes about 30 seconds.

            Either way, keep up the great work with Delco House Cleaning Service — I saw you've got a 4.9⭐ rating, which is awesome.

            – CJ
            MV Software"
nicoscleaningservices@gmail.com,Nico's Cleaning Services,Quick idea for Nico's Cleaning Services website,"Hello,

            I hope all is well with you!

            I came across Nico's Cleaning Services while looking at businesses around your location (2038 N Front St, Philadelphia, PA 19122, USA), and noticed you currently have a website that could use improvement.

            I run a small web design service where we build custom website demos for businesses before they pay anything.

            I actually put together a quick idea of how Nico's Cleaning Services's site could look with a more modern design and better conversion layout.

            If you're open to it, I can build out a free, live demo tailored to your business — no upfront cost, no obligation.

            You'd be able to:

            - See a redesigned version of your site
            - Review layout, content, and structure
            - Decide if you want to keep it (only then is there a fee)

            If you're interested, just reply ""demo"" or fill this out here:
            https://www.moultonventuresllc.com/contact

            Takes about 30 seconds.

            Either way, keep up the great work with Nico's Cleaning Services — I saw you've got a 5.0⭐ rating, which is awesome.

            – CJ
            MV Software"
aprilfreshnj@yahoo.com,"April Fresh Cleaning, Inc","Quick idea for April Fresh Cleaning, Inc website","Hello,

            I hope all is well with you!

            I came across April Fresh Cleaning, Inc while looking at businesses around your location (26 Spring Lake Dr, Clementon, NJ 08021, USA), and noticed you currently have a website that could use improvement.

            I run a small web design service where we build custom website demos for businesses before they pay anything.

            I actually put together a quick idea of how April Fresh Cleaning, Inc's site could look with a more modern design and better conversion layout.

            If you're open to it, I can build out a free, live demo tailored to your business — no upfront cost, no obligation.

            You'd be able to:

            - See a redesigned version of your site
            - Review layout, content, and structure
            - Decide if you want to keep it (only then is there a fee)

            If you're interested, just reply ""demo"" or fill this out here:
            https://www.moultonventuresllc.com/contact

            Takes about 30 seconds.

            Either way, keep up the great work with April Fresh Cleaning, Inc — I saw you've got a 4.8⭐ rating, which is awesome.

            – CJ
            MV Software"
info@a-ncleaning.com,A&N Loyalty Cleaning Services,Quick idea for A&N Loyalty Cleaning Services website,"Hello,

            I hope all is well with you!

            I came across A&N Loyalty Cleaning Services while looking at businesses around your location (2001 Market St, Philadelphia, PA 19103, USA), and noticed you currently have a website that could use improvement.

            I run a small web design service where we build custom website demos for businesses before they pay anything.

            I actually put together a quick idea of how A&N Loyalty Cleaning Services's site could look with a more modern design and better conversion layout.

            If you're open to it, I can build out a free, live demo tailored to your business — no upfront cost, no obligation.

            You'd be able to:

            - See a redesigned version of your site
            - Review layout, content, and structure
            - Decide if you want to keep it (only then is there a fee)

            If you're interested, just reply ""demo"" or fill this out here:
            https://www.moultonventuresllc.com/contact

            Takes about 30 seconds.

            Either way, keep up the great work with A&N Loyalty Cleaning Services — I saw you've got a 5.0⭐ rating, which is awesome.

            – CJ
            MV Software"
info@brighttouchcleaning.net,Bright Touch Cleaning,Quick idea for Bright Touch Cleaning website,"Hello,

            I hope all is well with you!

            I came across Bright Touch Cleaning while looking at businesses around your location (650 N Cannon Ave Suite 112, Lansdale, PA 19446, USA), and noticed you currently have a website that could use improvement.

            I run a small web design service where we build custom website demos for businesses before they pay anything.

            I actually put together a quick idea of how Bright Touch Cleaning's site could look with a more modern design and better conversion layout.

            If you're open to it, I can build out a free, live demo tailored to your business — no upfront cost, no obligation.

            You'd be able to:

            - See a redesigned version of your site
            - Review layout, content, and structure
            - Decide if you want to keep it (only then is there a fee)

            If you're interested, just reply ""demo"" or fill this out here:
            https://www.moultonventuresllc.com/contact

            Takes about 30 seconds.

            Either way, keep up the great work with Bright Touch Cleaning — I saw you've got a 4.9⭐ rating, which is awesome.

            – CJ
            MV Software"
dimperiobrothers@yahoo.com,D'Imperio Brothers Landscaping,Quick idea for D'Imperio Brothers Landscaping website,"Hello,

            I hope all is well with you!

            I came across D'Imperio Brothers Landscaping while looking at businesses around your location (5232 US-130, Bordentown, NJ 08505, USA), and noticed you currently have a website that could use improvement.

            I run a small web design service where we build custom website demos for businesses before they pay anything.

            I actually put together a quick idea of how D'Imperio Brothers Landscaping's site could look with a more modern design and better conversion layout.

            If you're open to it, I can build out a free, live demo tailored to your business — no upfront cost, no obligation.

            You'd be able to:

            - See a redesigned version of your site
            - Review layout, content, and structure
            - Decide if you want to keep it (only then is there a fee)

            If you're interested, just reply ""demo"" or fill this out here:
            https://www.moultonventuresllc.com/contact

            Takes about 30 seconds.

            Either way, keep up the great work with D'Imperio Brothers Landscaping — I saw you've got a 4.8⭐ rating, which is awesome.

            – CJ
            MV Software"
email@example.com,Roberts Brothers Landscaping,Quick idea for Roberts Brothers Landscaping website,"Hello,

            I hope all is well with you!

            I came across Roberts Brothers Landscaping while looking at businesses around your location (2139 Bethel Rd, Lansdale, PA 19446, USA), and noticed you currently have a website that could use improvement.

            I run a small web design service where we build custom website demos for businesses before they pay anything.

            I actually put together a quick idea of how Roberts Brothers Landscaping's site could look with a more modern design and better conversion layout.

            If you're open to it, I can build out a free, live demo tailored to your business — no upfront cost, no obligation.

            You'd be able to:

            - See a redesigned version of your site
            - Review layout, content, and structure
            - Decide if you want to keep it (only then is there a fee)

            If you're interested, just reply ""demo"" or fill this out here:
            https://www.moultonventuresllc.com/contact

            Takes about 30 seconds.

            Either way, keep up the great work with Roberts Brothers Landscaping — I saw you've got a 4.9⭐ rating, which is awesome.

            – CJ
            MV Software"
flags@2x.webp,Lisa's Cleaning Service,Quick idea for Lisa's Cleaning Service website,"Hello,

            I hope all is well with you!

            I came across Lisa's Cleaning Service while looking at businesses around your location (416 Sicklerville Rd, Sicklerville, NJ 08081, USA), and noticed you currently have a website that could use improvement.

            I run a small web design service where we build custom website demos for businesses before they pay anything.

            I actually put together a quick idea of how Lisa's Cleaning Service's site could look with a more modern design and better conversion layout.

            If you're open to it, I can build out a free, live demo tailored to your business — no upfront cost, no obligation.

            You'd be able to:

            - See a redesigned version of your site
            - Review layout, content, and structure
            - Decide if you want to keep it (only then is there a fee)

            If you're interested, just reply ""demo"" or fill this out here:
            https://www.moultonventuresllc.com/contact

            Takes about 30 seconds.

            Either way, keep up the great work with Lisa's Cleaning Service — I saw you've got a 5.0⭐ rating, which is awesome.

            – CJ
            MV Software"
support@lindasotocleaning.com,Linda Soto Cleaning,Quick idea for Linda Soto Cleaning website,"Hello,

            I hope all is well with you!

            I came across Linda Soto Cleaning while looking at businesses around your location (2540 Nottingham Way, Mercerville, NJ 08619, USA), and noticed you currently have a website that could use improvement.

            I run a small web design service where we build custom website demos for businesses before they pay anything.

            I actually put together a quick idea of how Linda Soto Cleaning's site could look with a more modern design and better conversion layout.

            If you're open to it, I can build out a free, live demo tailored to your business — no upfront cost, no obligation.

            You'd be able to:

            - See a redesigned version of your site
            - Review layout, content, and structure
            - Decide if you want to keep it (only then is there a fee)

            If you're interested, just reply ""demo"" or fill this out here:
            https://www.moultonventuresllc.com/contact

            Takes about 30 seconds.

            Either way, keep up the great work with Linda Soto Cleaning — I saw you've got a 4.8⭐ rating, which is awesome.

            – CJ
            MV Software"
info@polarexpressclean.com,Polar Express Cleaning,Quick idea for Polar Express Cleaning website,"Hello,

            I hope all is well with you!

            I came across Polar Express Cleaning while looking at businesses around your location (8105 Gladstone Rd, Glenside, PA 19038, USA), and noticed you currently have a website that could use improvement.

            I run a small web design service where we build custom website demos for businesses before they pay anything.

            I actually put together a quick idea of how Polar Express Cleaning's site could look with a more modern design and better conversion layout.

            If you're open to it, I can build out a free, live demo tailored to your business — no upfront cost, no obligation.

            You'd be able to:

            - See a redesigned version of your site
            - Review layout, content, and structure
            - Decide if you want to keep it (only then is there a fee)

            If you're interested, just reply ""demo"" or fill this out here:
            https://www.moultonventuresllc.com/contact

            Takes about 30 seconds.

            Either way, keep up the great work with Polar Express Cleaning — I saw you've got a 5.0⭐ rating, which is awesome.

            – CJ
            MV Software"
care@hometress.com,Hometress Cleaning Service,Quick idea for Hometress Cleaning Service website,"Hello,

            I hope all is well with you!

            I came across Hometress Cleaning Service while looking at businesses around your location (21 S 11th St #230, Philadelphia, PA 19107, USA), and noticed you currently have a website that could use improvement.

            I run a small web design service where we build custom website demos for businesses before they pay anything.

            I actually put together a quick idea of how Hometress Cleaning Service's site could look with a more modern design and better conversion layout.

            If you're open to it, I can build out a free, live demo tailored to your business — no upfront cost, no obligation.

            You'd be able to:

            - See a redesigned version of your site
            - Review layout, content, and structure
            - Decide if you want to keep it (only then is there a fee)

            If you're interested, just reply ""demo"" or fill this out here:
            https://www.moultonventuresllc.com/contact

            Takes about 30 seconds.

            Either way, keep up the great work with Hometress Cleaning Service — I saw you've got a 4.8⭐ rating, which is awesome.

            – CJ
            MV Software"
happylimpezaservice@gmail.com,HAPPY CLEANING SERVICES,Quick idea for HAPPY CLEANING SERVICES website,"Hello,

            I hope all is well with you!

            I came across HAPPY CLEANING SERVICES while looking at businesses around your location (14 Grayson Cir, Willingboro, NJ 08046, USA), and noticed you currently have a website that could use improvement.

            I run a small web design service where we build custom website demos for businesses before they pay anything.

            I actually put together a quick idea of how HAPPY CLEANING SERVICES's site could look with a more modern design and better conversion layout.

            If you're open to it, I can build out a free, live demo tailored to your business — no upfront cost, no obligation.

            You'd be able to:

            - See a redesigned version of your site
            - Review layout, content, and structure
            - Decide if you want to keep it (only then is there a fee)

            If you're interested, just reply ""demo"" or fill this out here:
            https://www.moultonventuresllc.com/contact

            Takes about 30 seconds.

            Either way, keep up the great work with HAPPY CLEANING SERVICES — I saw you've got a 5.0⭐ rating, which is awesome.

            – CJ
            MV Software"
brotherandsisterlawn@gmail.com,Brother & Sister Landscaping,Quick idea for Brother & Sister Landscaping website,"Hello,

            I hope all is well with you!

            I came across Brother & Sister Landscaping while looking at businesses around your location (3026 Haddonfield Rd, Pennsauken, NJ 08110, USA), and noticed you currently have a website that could use improvement.

            I run a small web design service where we build custom website demos for businesses before they pay anything.

            I actually put together a quick idea of how Brother & Sister Landscaping's site could look with a more modern design and better conversion layout.

            If you're open to it, I can build out a free, live demo tailored to your business — no upfront cost, no obligation.

            You'd be able to:

            - See a redesigned version of your site
            - Review layout, content, and structure
            - Decide if you want to keep it (only then is there a fee)

            If you're interested, just reply ""demo"" or fill this out here:
            https://www.moultonventuresllc.com/contact

            Takes about 30 seconds.

            Either way, keep up the great work with Brother & Sister Landscaping — I saw you've got a 4.9⭐ rating, which is awesome.

            – CJ
            MV Software"
